
insert into Users (user_id, username, email, number, date_joined) values (1, 'tthornham0', 'schilderley0@weebly.com', '356-221-0651', '2021-11-26');
insert into Users (user_id, username, email, number, date_joined) values (2, 'bbabin1', 'mrayer1@sciencedaily.com', '559-180-3921', '2020-12-07');
insert into Users (user_id, username, email, number, date_joined) values (3, 'dtofful2', 'rwann2@guardian.co.uk', '556-444-5883', '2022-02-15');
insert into Users (user_id, username, email, number, date_joined) values (4, 'efassam3', 'otolchar3@mlb.com', '871-950-8521', '2021-05-11');
insert into Users (user_id, username, email, number, date_joined) values (5, 'dwhithalgh4', 'bstanners4@flavors.me', '995-747-5765', '2021-03-01');

insert into Artists (artist_id, username, genre_id, birth_date) values (1, 'mstemp0', 35, '1995-08-19');
insert into Artists (artist_id, username, genre_id, birth_date) values (2, 'cstaresmeare1', 38, '2000-01-28');
insert into Artists (artist_id, username, genre_id, birth_date) values (3, 'rhalleday2', 10, '1995-01-24');
insert into Artists (artist_id, username, genre_id, birth_date) values (4, 'arake3', 48, '2002-07-26');
insert into Artists (artist_id, username, genre_id, birth_date) values (5, 'kmccaw4', 7, '2002-06-21');
insert into Artists (artist_id, username, genre_id, birth_date) values (6, 'velia5', 17, '1997-10-04');
insert into Artists (artist_id, username, genre_id, birth_date) values (7, 'bbrelsford6', 18, '1991-12-25');
insert into Artists (artist_id, username, genre_id, birth_date) values (8, 'lblacklidge7', 3, '2004-01-12');
insert into Artists (artist_id, username, genre_id, birth_date) values (9, 'aschwandner8', 32, '1996-08-18');
insert into Artists (artist_id, username, genre_id, birth_date) values (10, 'sberriman9', 5, '1993-03-05');
insert into Artists (artist_id, username, genre_id, birth_date) values (11, 'lgrocutta', 17, '1993-05-12');
insert into Artists (artist_id, username, genre_id, birth_date) values (12, 'ljantetb', 37, '1993-11-08');
insert into Artists (artist_id, username, genre_id, birth_date) values (13, 'gcowxc', 10, '1996-07-28');
insert into Artists (artist_id, username, genre_id, birth_date) values (14, 'vbonwickd', 7, '2000-06-22');
insert into Artists (artist_id, username, genre_id, birth_date) values (15, 'lgrigolettie', 50, '2002-06-15');
insert into Artists (artist_id, username, genre_id, birth_date) values (16, 'nmenpesf', 36, '1998-10-09');
insert into Artists (artist_id, username, genre_id, birth_date) values (17, 'rbuckseyg', 27, '1992-02-02');
insert into Artists (artist_id, username, genre_id, birth_date) values (18, 'fkapelhofh', 5, '1994-06-17');
insert into Artists (artist_id, username, genre_id, birth_date) values (19, 'streadgoldi', 14, '1993-01-31');
insert into Artists (artist_id, username, genre_id, birth_date) values (20, 'fvreedej', 46, '1999-08-30');
insert into Artists (artist_id, username, genre_id, birth_date) values (21, 'mcrownshawk', 4, '1992-11-02');
insert into Artists (artist_id, username, genre_id, birth_date) values (22, 'jjakubiakl', 46, '1995-10-15');
insert into Artists (artist_id, username, genre_id, birth_date) values (23, 'aaymesm', 25, '2000-11-28');
insert into Artists (artist_id, username, genre_id, birth_date) values (24, 'dcossemn', 9, '1994-05-14');
insert into Artists (artist_id, username, genre_id, birth_date) values (25, 'tlarwayo', 11, '1993-10-24');
insert into Artists (artist_id, username, genre_id, birth_date) values (26, 'grennoxp', 32, '1991-06-29');
insert into Artists (artist_id, username, genre_id, birth_date) values (27, 'pchaulkq', 48, '1996-05-18');
insert into Artists (artist_id, username, genre_id, birth_date) values (28, 'hbunneyr', 24, '1991-02-24');
insert into Artists (artist_id, username, genre_id, birth_date) values (29, 'blittlers', 23, '2001-04-09');
insert into Artists (artist_id, username, genre_id, birth_date) values (30, 'rcommandert', 47, '1995-12-13');
insert into Artists (artist_id, username, genre_id, birth_date) values (31, 'jfreschiniu', 44, '2002-09-17');
insert into Artists (artist_id, username, genre_id, birth_date) values (32, 'tnelesv', 27, '1998-05-08');
insert into Artists (artist_id, username, genre_id, birth_date) values (33, 'dgiacoboniw', 15, '1998-11-26');
insert into Artists (artist_id, username, genre_id, birth_date) values (34, 'lhookesx', 12, '1994-02-10');
insert into Artists (artist_id, username, genre_id, birth_date) values (35, 'abrowny', 1, '1997-03-19');
insert into Artists (artist_id, username, genre_id, birth_date) values (36, 'gpirtz', 2, '2003-08-19');
insert into Artists (artist_id, username, genre_id, birth_date) values (37, 'apidgeley10', 22, '2000-11-22');
insert into Artists (artist_id, username, genre_id, birth_date) values (38, 'kmccurlye11', 8, '1994-10-25');
insert into Artists (artist_id, username, genre_id, birth_date) values (39, 'mpelling12', 45, '1998-02-17');
insert into Artists (artist_id, username, genre_id, birth_date) values (40, 'hdebullion13', 30, '2002-10-01');
insert into Artists (artist_id, username, genre_id, birth_date) values (41, 'mvonhindenburg14', 16, '2005-07-15');
insert into Artists (artist_id, username, genre_id, birth_date) values (42, 'dparfrey15', 13, '2000-06-27');
insert into Artists (artist_id, username, genre_id, birth_date) values (43, 'jbrine16', 15, '1996-06-01');
insert into Artists (artist_id, username, genre_id, birth_date) values (44, 'plomaz17', 14, '2001-10-21');
insert into Artists (artist_id, username, genre_id, birth_date) values (45, 'tstrafen18', 22, '1997-01-15');
insert into Artists (artist_id, username, genre_id, birth_date) values (46, 'twatkiss19', 25, '1999-05-19');
insert into Artists (artist_id, username, genre_id, birth_date) values (47, 'cfernie1a', 3, '1995-10-28');
insert into Artists (artist_id, username, genre_id, birth_date) values (48, 'vfitzsimon1b', 13, '2001-04-05');
insert into Artists (artist_id, username, genre_id, birth_date) values (49, 'sbarlace1c', 10, '1991-08-27');
insert into Artists (artist_id, username, genre_id, birth_date) values (50, 'lpuller1d', 31, '1999-08-21');

insert into Albums (album_id, title, artist_id, date_created) values (1, 'Echoes of Time', 29, '2020-01-12');
insert into Albums (album_id, title, artist_id, date_created) values (2, 'Midnight Mirage', 48, '2024-03-08');
insert into Albums (album_id, title, artist_id, date_created) values (3, 'The Lost Horizon', 8, '2017-07-22');
insert into Albums (album_id, title, artist_id, date_created) values (4, 'Shattered Dreams', 48, '2021-11-08');
insert into Albums (album_id, title, artist_id, date_created) values (5, 'Fading Echoes', 47, '2021-09-19');
insert into Albums (album_id, title, artist_id, date_created) values (6, 'Nocturnal Waves', 11, '2019-08-17');
insert into Albums (album_id, title, artist_id, date_created) values (7, 'Serenade of Shadows', 39, '2015-09-13');
insert into Albums (album_id, title, artist_id, date_created) values (8, 'Whispers in the Wind', 6, '2021-01-15');
insert into Albums (album_id, title, artist_id, date_created) values (9, 'Eclipse of the Heart', 48, '2015-09-23');
insert into Albums (album_id, title, artist_id, date_created) values (10, 'Rhythms of Dawn', 42, '2024-03-26');
insert into Albums (album_id, title, artist_id, date_created) values (11, 'Beneath the Surface', 12, '2015-07-20');
insert into Albums (album_id, title, artist_id, date_created) values (12, 'Crossroads', 44, '2019-10-30');
insert into Albums (album_id, title, artist_id, date_created) values (13, 'Echoes in Time', 47, '2018-02-23');
insert into Albums (album_id, title, artist_id, date_created) values (14, 'Urban Legends', 48, '2024-07-25');
insert into Albums (album_id, title, artist_id, date_created) values (15, 'Lost Horizons', 23, '2019-07-21');
insert into Albums (album_id, title, artist_id, date_created) values (16, 'Winds of Change', 24, '2017-06-24');
insert into Albums (album_id, title, artist_id, date_created) values (17, 'Reverberations', 42, '2019-10-23');
insert into Albums (album_id, title, artist_id, date_created) values (18, 'Fading Light', 49, '2015-02-28');
insert into Albums (album_id, title, artist_id, date_created) values (19, 'Harmonic Convergence', 20, '2018-08-20');
insert into Albums (album_id, title, artist_id, date_created) values (20, 'Beyond the Horizon', 29, '2020-08-09');
insert into Albums (album_id, title, artist_id, date_created) values (21, 'Ephemeral Dreams', 49, '2014-11-19');
insert into Albums (album_id, title, artist_id, date_created) values (22, 'Celestial Echoes', 16, '2022-08-16');
insert into Albums (album_id, title, artist_id, date_created) values (23, 'Moonlit Serenade', 10, '2019-07-29');
insert into Albums (album_id, title, artist_id, date_created) values (24, 'Timeless Waves', 45, '2014-10-22');
insert into Albums (album_id, title, artist_id, date_created) values (25, 'Silent Nightfall', 36, '2018-03-22');
insert into Albums (album_id, title, artist_id, date_created) values (26, 'Resonance', 30, '2023-09-18');
insert into Albums (album_id, title, artist_id, date_created) values (27, 'Echoes of Eternity', 32, '2015-09-10');
insert into Albums (album_id, title, artist_id, date_created) values (28, 'Luminescence', 11, '2020-08-05');
insert into Albums (album_id, title, artist_id, date_created) values (29, 'Transient Dreams', 10, '2016-06-22');
insert into Albums (album_id, title, artist_id, date_created) values (30, 'Dreamscape', 7, '2018-02-27');
insert into Albums (album_id, title, artist_id, date_created) values (31, 'Celestial Voyage', 11, '2022-11-17');
insert into Albums (album_id, title, artist_id, date_created) values (32, 'Serenade of the Stars', 17, '2022-09-22');
insert into Albums (album_id, title, artist_id, date_created) values (33, 'Whispering Shadows', 48, '2016-04-25');
insert into Albums (album_id, title, artist_id, date_created) values (34, 'Eternal Echoes', 18, '2016-04-13');
insert into Albums (album_id, title, artist_id, date_created) values (35, 'Fragments of Time', 25, '2022-09-18');
insert into Albums (album_id, title, artist_id, date_created) values (36, 'Silent Horizons', 6, '2018-08-29');
insert into Albums (album_id, title, artist_id, date_created) values (37, 'Vortex of Sound', 49, '2024-04-07');
insert into Albums (album_id, title, artist_id, date_created) values (38, 'Chasing Echoes', 27, '2015-04-14');
insert into Albums (album_id, title, artist_id, date_created) values (39, 'Fading Reflections', 7, '2018-02-02');
insert into Albums (album_id, title, artist_id, date_created) values (40, 'Harmonic Journey', 14, '2021-06-04');
insert into Albums (album_id, title, artist_id, date_created) values (41, 'Infinite Horizons', 15, '2023-06-09');
insert into Albums (album_id, title, artist_id, date_created) values (42, 'Echoes of Eternity', 45, '2014-09-22');
insert into Albums (album_id, title, artist_id, date_created) values (43, 'Timeless Echoes', 24, '2016-10-17');
insert into Albums (album_id, title, artist_id, date_created) values (44, 'Reflections of Light', 38, '2021-10-07');
insert into Albums (album_id, title, artist_id, date_created) values (45, 'Celestial Light', 39, '2016-06-12');
insert into Albums (album_id, title, artist_id, date_created) values (46, 'Ethereal Dreams', 30, '2020-03-14');
insert into Albums (album_id, title, artist_id, date_created) values (47, 'Waves of Serenity', 38, '2024-07-25');
insert into Albums (album_id, title, artist_id, date_created) values (48, 'Radiant Nights', 39, '2018-08-21');
insert into Albums (album_id, title, artist_id, date_created) values (49, 'Aurora Skies', 24, '2021-02-05');
insert into Albums (album_id, title, artist_id, date_created) values (50, 'Echoes of the Void', 33, '2019-02-08');

insert into Songs (song_id, title, album_id, artist_id, genre_id, date_created) values (1, 'intangible', 22, 46, 47, '2016-03-23');
insert into Songs (song_id, title, album_id, artist_id, genre_id, date_created) values (2, 'hybrid', 29, 34, 12, '2014-11-07');
insert into Songs (song_id, title, album_id, artist_id, genre_id, date_created) values (3, 'tertiary', 42, 29, 19, '2016-08-10');
insert into Songs (song_id, title, album_id, artist_id, genre_id, date_created) values (4, 'encompassing', 6, 14, 10, '2022-09-06');
insert into Songs (song_id, title, album_id, artist_id, genre_id, date_created) values (5, '4th generation', 38, 19, 2, '2016-07-18');
insert into Songs (song_id, title, album_id, artist_id, genre_id, date_created) values (6, 'interface', 34, 17, 19, '2024-06-28');
insert into Songs (song_id, title, album_id, artist_id, genre_id, date_created) values (7, 'architecture', 35, 46, 26, '2021-08-07');
insert into Songs (song_id, title, album_id, artist_id, genre_id, date_created) values (8, 'exuding', 7, 38, 10, '2017-12-28');
insert into Songs (song_id, title, album_id, artist_id, genre_id, date_created) values (9, 'secondary', 41, 37, 14, '2016-09-14');
insert into Songs (song_id, title, album_id, artist_id, genre_id, date_created) values (10, '24 hour', 1, 5, 33, '2016-12-17');
insert into Songs (song_id, title, album_id, artist_id, genre_id, date_created) values (11, 'algorithm', 10, 50, 24, '2016-09-15');
insert into Songs (song_id, title, album_id, artist_id, genre_id, date_created) values (12, 'Fully-configurable', 37, 23, 11, '2020-02-27');
insert into Songs (song_id, title, album_id, artist_id, genre_id, date_created) values (13, 'secured line', 49, 4, 30, '2017-09-17');
insert into Songs (song_id, title, album_id, artist_id, genre_id, date_created) values (14, 'heuristic', 13, 42, 28, '2015-03-12');
insert into Songs (song_id, title, album_id, artist_id, genre_id, date_created) values (15, 'clear-thinking', 39, 8, 15, '2020-06-04');
insert into Songs (song_id, title, album_id, artist_id, genre_id, date_created) values (16, 'Automated', 42, 11, 36, '2017-04-19');
insert into Songs (song_id, title, album_id, artist_id, genre_id, date_created) values (17, 'Multi-tiered', 40, 2, 21, '2022-08-07');
insert into Songs (song_id, title, album_id, artist_id, genre_id, date_created) values (18, 'multi-state', 29, 41, 12, '2015-07-23');
insert into Songs (song_id, title, album_id, artist_id, genre_id, date_created) values (19, 'Centralized', 40, 38, 14, '2017-11-30');
insert into Songs (song_id, title, album_id, artist_id, genre_id, date_created) values (20, 'Open-architected', 8, 14, 16, '2018-09-20');
insert into Songs (song_id, title, album_id, artist_id, genre_id, date_created) values (21, 'foreground', 30, 4, 29, '2022-01-22');
insert into Songs (song_id, title, album_id, artist_id, genre_id, date_created) values (22, 'productivity', 10, 48, 25, '2024-06-28');
insert into Songs (song_id, title, album_id, artist_id, genre_id, date_created) values (23, 'Persevering', 40, 39, 45, '2023-04-16');
insert into Songs (song_id, title, album_id, artist_id, genre_id, date_created) values (24, 'data-warehouse', 25, 5, 13, '2019-09-05');
insert into Songs (song_id, title, album_id, artist_id, genre_id, date_created) values (25, 'access', 45, 26, 34, '2016-08-17');
insert into Songs (song_id, title, album_id, artist_id, genre_id, date_created) values (26, 'responsive', 6, 14, 7, '2015-09-02');
insert into Songs (song_id, title, album_id, artist_id, genre_id, date_created) values (27, 'focus group', 23, 8, 18, '2022-12-26');
insert into Songs (song_id, title, album_id, artist_id, genre_id, date_created) values (28, 'secondary', 41, 4, 11, '2021-04-02');
insert into Songs (song_id, title, album_id, artist_id, genre_id, date_created) values (29, 'Public-key', 11, 45, 2, '2017-04-23');
insert into Songs (song_id, title, album_id, artist_id, genre_id, date_created) values (30, 'Horizontal', 26, 21, 17, '2018-05-29');
insert into Songs (song_id, title, album_id, artist_id, genre_id, date_created) values (31, 'approach', 6, 45, 20, '2020-12-14');
insert into Songs (song_id, title, album_id, artist_id, genre_id, date_created) values (32, 'tangible', 28, 21, 35, '2018-04-19');
insert into Songs (song_id, title, album_id, artist_id, genre_id, date_created) values (33, 'Quality-focused', 47, 12, 36, '2016-05-30');
insert into Songs (song_id, title, album_id, artist_id, genre_id, date_created) values (34, 'hardware', 43, 34, 30, '2015-12-16');
insert into Songs (song_id, title, album_id, artist_id, genre_id, date_created) values (35, 'Multi-layered', 22, 19, 33, '2019-03-14');
insert into Songs (song_id, title, album_id, artist_id, genre_id, date_created) values (36, 'Horizontal', 17, 30, 48, '2018-03-22');
insert into Songs (song_id, title, album_id, artist_id, genre_id, date_created) values (37, 'Ergonomic', 50, 11, 50, '2023-09-19');
insert into Songs (song_id, title, album_id, artist_id, genre_id, date_created) values (38, 'project', 39, 21, 37, '2023-12-10');
insert into Songs (song_id, title, album_id, artist_id, genre_id, date_created) values (39, 'disintermediate', 2, 23, 41, '2017-02-16');
insert into Songs (song_id, title, album_id, artist_id, genre_id, date_created) values (40, 'core', 30, 36, 4, '2016-03-20');
insert into Songs (song_id, title, album_id, artist_id, genre_id, date_created) values (41, 'Switchable', 11, 28, 13, '2017-04-10');
insert into Songs (song_id, title, album_id, artist_id, genre_id, date_created) values (42, 'bifurcated', 29, 10, 16, '2018-12-07');
insert into Songs (song_id, title, album_id, artist_id, genre_id, date_created) values (43, 'toolset', 29, 40, 3, '2021-06-16');
insert into Songs (song_id, title, album_id, artist_id, genre_id, date_created) values (44, 'Upgradable', 12, 34, 33, '2023-08-19');
insert into Songs (song_id, title, album_id, artist_id, genre_id, date_created) values (45, 'Organized', 5, 10, 26, '2024-01-16');
insert into Songs (song_id, title, album_id, artist_id, genre_id, date_created) values (46, 'Streamlined', 22, 12, 13, '2022-09-02');
insert into Songs (song_id, title, album_id, artist_id, genre_id, date_created) values (47, 'success', 42, 12, 37, '2015-12-31');
insert into Songs (song_id, title, album_id, artist_id, genre_id, date_created) values (48, 'Expanded', 4, 10, 39, '2023-10-16');
insert into Songs (song_id, title, album_id, artist_id, genre_id, date_created) values (49, 'application', 41, 39, 34, '2018-04-04');
insert into Songs (song_id, title, album_id, artist_id, genre_id, date_created) values (50, 'asymmetric', 13, 34, 45, '2015-11-01');

insert into Genres (genre_id, name) values (1, 'Pop');
insert into Genres (genre_id, name) values (2, 'Rock');
insert into Genres (genre_id, name) values (3, 'Jazz');
insert into Genres (genre_id, name) values (4, 'Blues');
insert into Genres (genre_id, name) values (5, 'Metal');
insert into Genres (genre_id, name) values (6, 'Folk');
insert into Genres (genre_id, name) values (7, 'Electronic');
insert into Genres (genre_id, name) values (8, 'Hip-Hop');
insert into Genres (genre_id, name) values (9, 'Reggae');
insert into Genres (genre_id, name) values (10, 'Ambient');
insert into Genres (genre_id, name) values (11, 'Classical');
insert into Genres (genre_id, name) values (12, 'Country');
insert into Genres (genre_id, name) values (13, 'Soul');
insert into Genres (genre_id, name) values (14, 'Alternative');
insert into Genres (genre_id, name) values (15, 'Dance');
insert into Genres (genre_id, name) values (16, 'Indie');
insert into Genres (genre_id, name) values (17, 'R&B');
insert into Genres (genre_id, name) values (18, 'Synthwave');
insert into Genres (genre_id, name) values (19, 'Garage');
insert into Genres (genre_id, name) values (20, 'Punk');
insert into Genres (genre_id, name) values (21, 'Opera');
insert into Genres (genre_id, name) values (22, 'Trap');
insert into Genres (genre_id, name) values (23, 'House');
insert into Genres (genre_id, name) values (24, 'Funk');
insert into Genres (genre_id, name) values (25, 'Reggaeton');
insert into Genres (genre_id, name) values (26, 'Ska');
insert into Genres (genre_id, name) values (27, 'Post-Rock');
insert into Genres (genre_id, name) values (28, 'Grunge');
insert into Genres (genre_id, name) values (29, 'Drum-and-Bass');
insert into Genres (genre_id, name) values (30, 'Techno');
insert into Genres (genre_id, name) values (31, 'Trance');
insert into Genres (genre_id, name) values (32, 'Nu-Metal');
insert into Genres (genre_id, name) values (33, 'Trip-Hop');
insert into Genres (genre_id, name) values (34, 'Lo-Fi');
insert into Genres (genre_id, name) values (35, 'Chillwave');
insert into Genres (genre_id, name) values (36, 'Psychedelic');
insert into Genres (genre_id, name) values (37, 'Gothic');
insert into Genres (genre_id, name) values (38, 'Acoustic');
insert into Genres (genre_id, name) values (39, 'Salsa');
insert into Genres (genre_id, name) values (40, 'Rave');
insert into Genres (genre_id, name) values (41, 'Hardcore');
insert into Genres (genre_id, name) values (42, 'K-Pop');
insert into Genres (genre_id, name) values (43, 'Dubstep');
insert into Genres (genre_id, name) values (44, 'Meditative');
insert into Genres (genre_id, name) values (45, 'Synthpop');
insert into Genres (genre_id, name) values (46, 'Chamber');
insert into Genres (genre_id, name) values (47, 'Avant-Garde');
insert into Genres (genre_id, name) values (48, 'Big Band');
insert into Genres (genre_id, name) values (49, 'Jazz');
insert into Genres (genre_id, name) values (50, 'J-Pop');

insert into Listening_History (history_id, user_id, song_id, timestamp) values (1, 3, 49, '2024-05-11');
insert into Listening_History (history_id, user_id, song_id, timestamp) values (2, 4, 36, '2023-02-06');
insert into Listening_History (history_id, user_id, song_id, timestamp) values (3, 3, 25, '2022-08-24');
insert into Listening_History (history_id, user_id, song_id, timestamp) values (4, 3, 45, '2022-11-26');
insert into Listening_History (history_id, user_id, song_id, timestamp) values (5, 4, 30, '2021-06-26');
insert into Listening_History (history_id, user_id, song_id, timestamp) values (6, 3, 12, '2016-09-01');
insert into Listening_History (history_id, user_id, song_id, timestamp) values (7, 1, 18, '2016-01-21');
insert into Listening_History (history_id, user_id, song_id, timestamp) values (8, 5, 47, '2020-12-30');
insert into Listening_History (history_id, user_id, song_id, timestamp) values (9, 3, 16, '2023-12-20');
insert into Listening_History (history_id, user_id, song_id, timestamp) values (10, 1, 15, '2017-11-16');
insert into Listening_History (history_id, user_id, song_id, timestamp) values (11, 2, 11, '2020-07-06');
insert into Listening_History (history_id, user_id, song_id, timestamp) values (12, 5, 3, '2020-08-02');
insert into Listening_History (history_id, user_id, song_id, timestamp) values (13, 1, 32, '2019-09-02');
insert into Listening_History (history_id, user_id, song_id, timestamp) values (14, 5, 21, '2022-07-23');
insert into Listening_History (history_id, user_id, song_id, timestamp) values (15, 1, 15, '2020-06-28');
insert into Listening_History (history_id, user_id, song_id, timestamp) values (16, 2, 38, '2017-05-09');
insert into Listening_History (history_id, user_id, song_id, timestamp) values (17, 1, 49, '2023-12-13');
insert into Listening_History (history_id, user_id, song_id, timestamp) values (18, 3, 14, '2020-03-28');
insert into Listening_History (history_id, user_id, song_id, timestamp) values (19, 4, 46, '2024-01-11');
insert into Listening_History (history_id, user_id, song_id, timestamp) values (20, 3, 1, '2021-05-15');
insert into Listening_History (history_id, user_id, song_id, timestamp) values (21, 3, 22, '2023-10-23');
insert into Listening_History (history_id, user_id, song_id, timestamp) values (22, 3, 30, '2015-05-01');
insert into Listening_History (history_id, user_id, song_id, timestamp) values (23, 5, 46, '2017-01-21');
insert into Listening_History (history_id, user_id, song_id, timestamp) values (24, 1, 36, '2021-09-28');
insert into Listening_History (history_id, user_id, song_id, timestamp) values (25, 5, 19, '2022-08-09');
insert into Listening_History (history_id, user_id, song_id, timestamp) values (26, 5, 42, '2023-10-18');
insert into Listening_History (history_id, user_id, song_id, timestamp) values (27, 4, 46, '2014-11-11');
insert into Listening_History (history_id, user_id, song_id, timestamp) values (28, 5, 46, '2022-12-23');
insert into Listening_History (history_id, user_id, song_id, timestamp) values (29, 4, 28, '2022-05-07');
insert into Listening_History (history_id, user_id, song_id, timestamp) values (30, 3, 30, '2021-11-16');
insert into Listening_History (history_id, user_id, song_id, timestamp) values (31, 1, 17, '2023-03-29');
insert into Listening_History (history_id, user_id, song_id, timestamp) values (32, 2, 35, '2017-01-18');
insert into Listening_History (history_id, user_id, song_id, timestamp) values (33, 1, 23, '2020-03-20');
insert into Listening_History (history_id, user_id, song_id, timestamp) values (34, 4, 30, '2022-10-30');
insert into Listening_History (history_id, user_id, song_id, timestamp) values (35, 2, 21, '2015-09-07');
insert into Listening_History (history_id, user_id, song_id, timestamp) values (36, 2, 36, '2023-08-25');
insert into Listening_History (history_id, user_id, song_id, timestamp) values (37, 4, 10, '2015-01-27');
insert into Listening_History (history_id, user_id, song_id, timestamp) values (38, 5, 46, '2023-07-29');
insert into Listening_History (history_id, user_id, song_id, timestamp) values (39, 5, 44, '2017-02-28');
insert into Listening_History (history_id, user_id, song_id, timestamp) values (40, 4, 40, '2021-09-08');
insert into Listening_History (history_id, user_id, song_id, timestamp) values (41, 5, 17, '2015-02-03');
insert into Listening_History (history_id, user_id, song_id, timestamp) values (42, 3, 48, '2023-04-10');
insert into Listening_History (history_id, user_id, song_id, timestamp) values (43, 2, 11, '2019-09-21');
insert into Listening_History (history_id, user_id, song_id, timestamp) values (44, 2, 24, '2014-11-24');
insert into Listening_History (history_id, user_id, song_id, timestamp) values (45, 2, 39, '2022-09-27');
insert into Listening_History (history_id, user_id, song_id, timestamp) values (46, 3, 27, '2016-04-04');
insert into Listening_History (history_id, user_id, song_id, timestamp) values (47, 2, 18, '2019-05-08');
insert into Listening_History (history_id, user_id, song_id, timestamp) values (48, 5, 5, '2016-07-26');
insert into Listening_History (history_id, user_id, song_id, timestamp) values (49, 4, 12, '2020-01-18');
insert into Listening_History (history_id, user_id, song_id, timestamp) values (50, 2, 16, '2023-01-30');

insert into Liked (user_id, song_id, liked) values (5, 15, false);
insert into Liked (user_id, song_id, liked) values (1, 5, true);
insert into Liked (user_id, song_id, liked) values (1, 38, true);
insert into Liked (user_id, song_id, liked) values (4, 24, false);
insert into Liked (user_id, song_id, liked) values (2, 26, true);
insert into Liked (user_id, song_id, liked) values (5, 28, false);
insert into Liked (user_id, song_id, liked) values (2, 7, true);
insert into Liked (user_id, song_id, liked) values (4, 6, true);
insert into Liked (user_id, song_id, liked) values (2, 48, true);
insert into Liked (user_id, song_id, liked) values (3, 43, true);
insert into Liked (user_id, song_id, liked) values (2, 29, true);
insert into Liked (user_id, song_id, liked) values (5, 2, false);
insert into Liked (user_id, song_id, liked) values (5, 33, true);
insert into Liked (user_id, song_id, liked) values (5, 15, true);
insert into Liked (user_id, song_id, liked) values (4, 22, true);
insert into Liked (user_id, song_id, liked) values (3, 2, false);
insert into Liked (user_id, song_id, liked) values (3, 12, true);
insert into Liked (user_id, song_id, liked) values (5, 11, true);
insert into Liked (user_id, song_id, liked) values (3, 33, true);
insert into Liked (user_id, song_id, liked) values (3, 22, true);
insert into Liked (user_id, song_id, liked) values (4, 31, true);
insert into Liked (user_id, song_id, liked) values (5, 19, true);
insert into Liked (user_id, song_id, liked) values (2, 28, true);
insert into Liked (user_id, song_id, liked) values (5, 7, false);
insert into Liked (user_id, song_id, liked) values (2, 26, true);
insert into Liked (user_id, song_id, liked) values (3, 12, false);
insert into Liked (user_id, song_id, liked) values (1, 42, true);
insert into Liked (user_id, song_id, liked) values (5, 45, false);
insert into Liked (user_id, song_id, liked) values (5, 14, true);
insert into Liked (user_id, song_id, liked) values (2, 26, true);
insert into Liked (user_id, song_id, liked) values (3, 9, true);
insert into Liked (user_id, song_id, liked) values (1, 50, false);
insert into Liked (user_id, song_id, liked) values (4, 32, true);
insert into Liked (user_id, song_id, liked) values (2, 31, true);
insert into Liked (user_id, song_id, liked) values (1, 32, false);
insert into Liked (user_id, song_id, liked) values (3, 39, true);
insert into Liked (user_id, song_id, liked) values (3, 22, true);
insert into Liked (user_id, song_id, liked) values (4, 34, false);
insert into Liked (user_id, song_id, liked) values (5, 6, false);
insert into Liked (user_id, song_id, liked) values (4, 23, false);
insert into Liked (user_id, song_id, liked) values (2, 5, true);
insert into Liked (user_id, song_id, liked) values (4, 8, false);
insert into Liked (user_id, song_id, liked) values (3, 32, true);
insert into Liked (user_id, song_id, liked) values (4, 21, false);
insert into Liked (user_id, song_id, liked) values (5, 20, false);
insert into Liked (user_id, song_id, liked) values (1, 44, true);
insert into Liked (user_id, song_id, liked) values (2, 34, false);
insert into Liked (user_id, song_id, liked) values (1, 1, true);
insert into Liked (user_id, song_id, liked) values (3, 38, true);
insert into Liked (user_id, song_id, liked) values (4, 18, true);